Aoc_bl,Boc_bl,Aoc_do,Afp_do,boc_do,bfp_do,Ao1_alpha,Ao2_alpha,Bo1_alpha,Bo2_alpha,Aoc_bl2,Boc_bl2
-0.097819263,0.204264971,-4.276303517,1.293720827,1.223166914,-1.937465397,-0.25806206,0.160242797,-0.022792592,0.227057563,-2.382995242,-2.95507722
-0.63295088,-0.100187067,0.16548287,-0.957990524,0.359134988,-1.770449761,-0.264104176,-0.368846704,-0.032103193,-0.068083874,-1.580855767,-5.173266785
-0.125247168,-0.251074205,1.064508977,-0.531368456,0.347689734,-0.114800821,0.004039783,-0.129286952,-0.081889141,-0.169185064,-4.090465949,-3.343039312
0.103619092,0.024527755,-1.394688719,-0.526371851,2.019350103,1.002345718,0.124067735,-0.020448643,-0.012501185,0.03702894,-4.14705255,-6.48417394
0.21003375,-0.2631768,0.024040507,10.32633865,0.029953365,-1.089779865,0.102492216,0.107541534,-0.127646884,-0.135529915,-3.813543491,-3.362108841
0.30402317,-0.192176591,0.123426834,1.016355418,-0.173184812,0.216009583,0.133249276,0.170773893,-0.112729329,-0.079447262,-3.059330601,-3.962276365
-0.452919739,-0.086272471,-0.7645532,4.053738748,0.680144899,2.953822581,-0.399600487,-0.053319252,-0.013797345,-0.072475126,-1.816932722,-5.213422958
-0.758639183,0.00448512,-0.456223818,-1.027833982,32.73951724,0.307514696,-0.552374224,-0.206264959,-0.07117777,0.07566289,-1.056523051,-4.529029133
-0.709360057,0.236499804,-0.036835369,0.014128533,-0.698047452,0.815211105,-0.367744798,-0.341615259,0.200793945,0.035705859,-1.378575342,-3.179820591
-0.070716671,-0.098683925,2.107357922,28.79488191,0.640425959,0.951456807,0.039154333,-0.109871004,-0.017742089,-0.080941836,-4.297340013,-4.981120791
0.539393617,-0.183920865,0.061624844,5.724870104,-0.58580504,5.318468513,0.253076785,0.286316832,-0.145831317,-0.038089548,-1.923976156,-3.784615912
0.383889346,-0.231993629,-0.190993993,0.17056844,0.223766921,7.961234417,0.228604953,0.155284394,-0.090040564,-0.141953064,-2.572119931,-3.566379534
0.129497455,-0.142763916,-0.373746801,0.759103381,0.18413208,-1.151888484,0.088948357,0.040549098,-0.058238249,-0.084525666,-4.650581907,-4.552930553
-0.02987424,-0.255128055,4.026975985,2.708149527,0.456278919,-1.186753494,0.045214304,-0.075088544,-0.069359251,-0.185768804,-4.868794284,-3.236002805
-0.224574085,-0.319307059,-0.743903261,1.347724756,0.381787354,-5.726307138,-0.195817739,-0.028756345,-0.098699831,-0.220607228,-3.239805469,-2.840281769
-0.657018856,0.000992554,0.411096033,0.814136998,-18.28687547,-0.261278839,-0.193460505,-0.46355835,0.009571633,-0.008579079,-1.377083665,-8.708252211
-0.6334467,0.205168476,0.121051779,-2.121254555,-0.957003519,0.779759319,-0.278383425,-0.355063275,0.200757714,0.004410761,-1.591758811,-3.210830408
-0.259142321,0.039017029,-0.226450853,-3.363349039,-4.413421375,0.468071089,-0.158912661,-0.100229661,0.10560781,-0.066590781,-3.343894451,-4.161296133
0.088219346,-0.176072087,0.729569512,-6.52233168,-0.495853537,4.117124936,0.0119286,0.076290746,-0.131689027,-0.04438306,-5.122253782,-3.947036079
0.636341871,0.04055726,0.357577312,-1.259451705,4.950411269,1.319689088,0.204400227,0.431941643,-0.080108928,0.120666188,-1.476862443,-3.864292011
0.285540086,-0.329176571,-0.825564393,0.538019533,-0.40077807,-0.664099641,0.260635907,0.024904179,-0.230551661,-0.09862491,-2.680172997,-2.766512161
0.399893095,-0.205615167,-0.115962026,1.443543785,0.342427884,2.60460152,0.223132754,0.176760341,-0.0676034,-0.138011767,-2.512905661,-3.745768689
0.279487129,-0.487748758,-0.844400823,0.137903126,-0.239805672,-0.139322188,0.257743145,0.021743984,-0.302356838,-0.18539192,-2.704491593,-2.073142847
0.660095429,0.038246385,-0.058051669,-0.168398563,3.72132006,0.295546566,0.349207535,0.310887894,-0.052040327,0.090286713,-1.520524581,-4.522679448
0.656540609,0.367706245,0.277825632,-0.028580536,-0.331578379,1.91963242,0.2370684,0.419472209,0.244814843,0.122891402,-1.460335553,-2.58977923
0.289214837,0.227566748,-0.262988937,-0.448504112,0.083916452,-2.370446748,0.18263757,0.106577267,0.104235077,0.123331671,-3.107441883,-3.646753257
0.321827224,0.18010988,0.34466758,-0.239958646,-0.474670199,0.36392883,0.105451907,0.216375318,0.132801336,0.047308544,-2.8483752,-3.918328185
-0.369590363,0.040338813,-0.257014399,-1.235858139,-1.688648521,-2.002694405,-0.232290204,-0.137300159,0.054228445,-0.013889632,-2.619900973,-5.76555805
-0.777569682,0.019192999,0.08643178,-0.007967263,2.055429347,1.921923928,-0.355181475,-0.422388207,-0.010128427,0.029321427,-1.188868526,-6.946151984
-0.910081863,-0.058127058,0.515223166,-0.131662653,4.63584677,5.008454018,-0.220593302,-0.68948856,0.105670538,-0.163797596,-0.646156959,-3.270276618
-1.049946864,-0.367896678,0.42691455,0.720356652,-0.501292404,-1.145272557,-0.300854636,-0.749092229,-0.276160244,-0.091736434,-0.42824356,-2.4688752
-0.607983641,-0.354111788,0.02952518,5.283347234,-0.91497068,-7.996998195,-0.295016407,-0.312967233,-0.339056846,-0.015054942,-1.687490432,-2.161205362
-0.54174386,0.280239812,0.42023663,-0.738144077,0.40553766,-1.13864359,-0.157041623,-0.384702237,0.083296007,0.196943805,-1.756443199,-3.085108184
0.241323735,0.587286767,0.519867454,1.361075974,-0.091445154,0.971247175,0.05793369,0.183390046,0.320495648,0.266791119,-3.297155762,-1.749303832
0.593390533,0.301969211,0.462381857,6.406310872,-0.081780029,3.243040297,0.159508758,0.433881774,0.163332131,0.13863708,-1.543198784,-3.08134191
0.398026916,0.049969502,0.417161308,0.844539289,1.303175865,1.578639544,0.115992744,0.282034172,-0.007574773,0.057544276,-2.375181691,-5.693222179
0.322342239,0.076760894,0.643117842,-0.651417478,2.805233119,3.03003004,0.057519097,0.264823142,-0.069285654,0.146046548,-2.61129003,-3.644667523
0.309147538,0.597191017,0.68791087,-0.519311581,0.03698819,3.41787599,0.048240793,0.260906745,0.287551001,0.309640016,-2.653569063,-1.722816499
0.244906264,0.336484669,0.35423502,0.64889486,0.352074027,-0.729356031,0.079075944,0.165830319,0.109008578,0.227476091,-3.388694871,-2.75469785
0.128508655,0.100587586,-0.579256875,-2.942241915,-1.176560716,0.462816574,0.101474089,0.027034567,0.109467494,-0.008879908,-4.507330622,-4.417696505
0.215439898,0.218019972,0.494864789,8.752495521,0.372222313,1.750663523,0.054413139,0.161026759,0.068434037,0.149585935,-3.544245684,-3.609729351
-0.130937934,0.008421389,0.186931444,-0.320723359,4.58404547,-2.630146273,-0.053230758,-0.077707176,-0.015091321,0.023512711,-4.724864185,-7.1554534
-0.070287047,-0.112964481,-4.040920584,0.640468472,-0.317005256,0.276180559,-0.177155712,0.106868664,-0.074387408,-0.038577074,-3.151099017,-4.958753194
-0.060669652,-0.48635065,-0.516011187,0.962564325,0.093394657,-0.916687134,-0.045987936,-0.014681717,-0.220464049,-0.265886601,-6.06169688,-2.126113266
0.229692839,-0.451764617,-0.978736785,-19.18220913,0.504718106,1.412612937,0.227250835,0.002442004,-0.111875418,-0.339889199,-2.963286279,-2.055406497
0.307592814,-0.537278677,-1.695406143,-0.346887096,-0.019613569,0.410264365,0.414543781,-0.106950966,-0.273908315,-0.263370362,-1.696712658,-1.935239298
0.41166338,-0.643258238,-0.742802663,0.330590426,-0.157654038,-0.345906079,0.358724018,0.052939363,-0.372335248,-0.27092299,-2.028858722,-1.551014283
-0.070323898,-0.460677784,1.387559329,-3.302504259,-0.150809618,-0.865046737,0.013627341,-0.083951239,-0.265076212,-0.195601572,-4.929030197,-2.220771279
-0.133346142,-0.085880164,-0.022700233,-2.039913814,1.430838283,-1.670342909,-0.068186565,-0.065159577,0.018500231,-0.104380395,-4.722245937,-4.48849662
-0.005584748,0.034107748,-53.16605571,4.529279936,-0.848550041,0.55731316,-0.151251897,0.145667148,0.031524939,0.002582808,-3.121384971,-6.907262713
0.268065165,-0.107628275,0.671876081,-0.714675568,-0.078089717,-0.126236965,0.043979296,0.224085869,-0.058016468,-0.049611807,-2.953656889,-5.145211476
0.024368881,-0.06195684,0.173729209,0.617663888,1.697629361,-0.902228064,0.010067647,0.014301234,0.021611455,-0.083568296,-8.092308518,-4.899445273
-0.02986634,0.022099481,2.949156846,-1.014122954,8.819298982,-3.467403615,0.02910709,-0.05897343,-0.086401226,0.108500707,-5.443322758,-3.950889875
0.065657326,-0.056095989,-0.652946263,-0.058464863,-1.531624611,-196.2593174,0.054264016,0.01139331,-0.071006993,0.014911004,-5.784648477,-5.246801196
-0.092183134,0.546775267,1.177413866,-2.159306414,-0.256258351,-1.902596435,0.008177283,-0.100360417,0.343445498,0.20332977,-4.591357889,-1.83697984
-0.626497907,0.120340885,-0.0843156,0.239065749,0.110560634,-0.102717239,-0.339660727,-0.28683718,0.05351796,0.066822925,-1.6212829,-4.915851336
-0.925361784,0.046129755,-0.096763989,-9.775950945,3.468301917,-0.262996243,-0.507451741,-0.417910043,-0.056931081,0.103060836,-0.838968475,-4.278554652
-0.690395804,0.006333402,0.051264889,-1.876780633,5.3508745,0.637703544,-0.32750137,-0.362894434,-0.013777919,0.020111322,-1.431502972,-7.428132518
-0.242139082,-0.454556423,-0.149534991,-0.301087929,-0.157241443,0.16018796,-0.139173674,-0.102965408,-0.263015766,-0.191540658,-3.507518803,-2.245589481
0.368545592,-0.30340132,0.131198068,0.783570652,-0.657785484,2.73809447,0.160096561,0.208449031,-0.251487152,-0.051914168,-2.672462417,-2.718996873
0.16213973,-0.282621029,-0.272677179,-0.103225358,0.453820015,0.017193471,0.103175767,0.058963963,-0.077180975,-0.205440054,-4.260022274,-3.033174183
0.387569841,-0.587460466,0.086742992,-1.522731653,-0.280049294,0.327803922,0.176975436,0.210594404,-0.375989177,-0.211471288,-2.581369426,-1.681535775
0.192970671,-0.856920035,-0.269758758,3.908853282,-0.082030797,0.732906533,0.122513099,0.070457571,-0.463606935,-0.393313101,-3.913337426,-0.995262012
0.245015167,-0.542697178,-0.600907555,0.008237229,-0.196691175,-0.22833524,0.196123316,0.048891851,-0.324720462,-0.217976716,-3.197731739,-1.877596958
0.312839071,-0.354382931,-0.058158902,-0.300460516,0.133642324,-1.28799299,0.165516724,0.147322347,-0.153511186,-0.200871745,-3.013903169,-2.75019898
0.050693811,0.168156766,3.421210818,0.736215709,-1.798463799,61.55222331,-0.061370201,0.112064012,0.235290311,-0.067133545,-4.115079383,-2.815605738
-0.181321649,0.513660614,-0.977651448,-0.65628989,-0.376860761,1.445071968,-0.179295511,-0.002026138,0.353619572,0.160041042,-3.437312177,-1.892730055
-0.5962104,0.36658805,-0.505656314,0.429808791,-0.604611677,-0.988044618,-0.448843977,-0.147366423,0.294115733,0.072472317,-1.499786614,-2.388619117
-0.524008413,0.177058354,-0.556727959,0.851370798,-0.068025132,-5.905519893,-0.407869273,-0.116139139,0.094551386,0.082506968,-1.71565633,-4.151082275
-0.686838419,0.271662969,0.141192938,6.708450193,-0.502980995,0.942674362,-0.294930842,-0.391907577,0.20415214,0.067510829,-1.424720268,-3.074000712
-0.408779508,0.644777963,0.104143983,-0.794233898,-0.117607581,83.32645566,-0.183103791,-0.225675717,0.36030437,0.284473593,-2.471518345,-1.557108949
-0.050116212,0.35560236,0.682954899,-1.283024872,-0.01496646,-2.533956101,-0.00794455,-0.042171662,0.180462234,0.175140126,-6.297139539,-2.760807489
0.526594197,0.124141368,-0.541710387,-0.342978685,-0.6357164,-0.595181587,0.405927872,0.120666325,0.101530036,0.022611332,-1.718484104,-4.526394077
0.824738124,0.130530245,-0.205346933,-1.788064337,0.167817138,2.235554739,0.497047784,0.32769034,0.054312516,0.076217729,-1.03722337,-4.737674495
0.828516321,-0.176837101,0.030743677,17.00146779,-0.686388149,2.29009513,0.401522341,0.426993979,-0.149107996,-0.027729105,-1.06843994,-3.772169862
0.398970019,-0.193224161,0.253638865,3.658681093,0.119887066,0.54964189,0.148887858,0.250082161,-0.085029542,-0.10819462,-2.468537183,-3.966685196
-0.206285331,0.169190674,-0.333105901,-0.70488729,-0.776597567,0.149713453,-0.137500096,-0.068785235,0.15029187,0.018898804,-3.744913017,-3.774663467
-0.418683443,0.101849091,-0.155713266,6.416428132,-3.815416696,-2.197497719,-0.241939005,-0.176744439,0.245222906,-0.143373815,-2.410470142,-2.517136602
-0.235721847,0.473452854,-1.001496424,0.305285782,-1.160565116,0.168244695,-0.235898217,0.00017637,0.51146286,-0.038010006,-2.88870914,-1.335452901
-0.265017421,0.300264902,0.359515118,4.246304397,-0.220300305,0.261162252,-0.084869826,-0.180147595,0.183206676,0.117058226,-3.227511927,-3.051936254
-0.153756894,-0.216071935,1.280738737,-1.019954127,-1.39723723,0.981105974,0.021582758,-0.175339652,-0.258987844,0.042915909,-3.467022844,-2.674859966
0.250099166,-0.050509756,-1.1350045,6.323426149,-8.554305483,0.296865102,0.266981422,-0.016882256,-0.241292819,0.190783063,-2.637161862,-2.357882166
0.572462946,0.01911402,-0.263815357,-3.718972765,20.62442653,0.882451118,0.361743731,0.210719215,-0.187550837,0.206664856,-1.741478334,-2.552513179
0.55769676,0.151122601,0.450973777,0.160355321,0.55173703,0.540025337,0.153095073,0.404601687,0.033871333,0.117251268,-1.675894931,-4.206721164
0.561811844,0.10032074,0.037485144,0.199877794,0.840783063,-8.356406638,0.270376123,0.291435721,0.00798638,0.09233436,-1.844919594,-4.757224499
0.13691956,0.040126493,-0.225851882,-1.089242422,-2.535058204,4.707648025,0.08392155,0.05299801,0.070924744,-0.030798251,-4.620119811,-5.119526764
-0.470343522,-0.150963425,0.365365425,-1.228029023,0.982912151,-3.267467718,-0.14924813,-0.321095391,-0.00128982,-0.149673605,-2.07642805,-3.798522382
-0.137987448,-0.322470917,3.375588937,0.747092949,0.052224124,-0.047076,0.163900728,-0.301888176,-0.152815078,-0.169655839,-2.137071335,-2.953908185
0.203904881,-0.096424554,-1.775968391,0.346616179,2.477221701,-0.006219086,0.283016752,-0.079111871,0.071220222,-0.167644776,-2.44926344,-3.405895668
0.483890915,0.304528775,0.10082705,0.72588312,-0.449950527,-0.521628234,0.217550811,0.266340104,0.220775829,0.083752946,-2.134823972,-2.886760877
0.327733967,0.147245297,0.741075247,0.20766814,0.378624887,-0.529856701,0.042429218,0.285304749,0.045747282,0.101498016,-2.486519488,-4.390489468
-0.10634852,0.520634264,-0.186883259,-0.770598469,0.089266321,-0.161587395,-0.063111639,-0.043236881,0.23707958,0.283554685,-5.140885193,-1.990625229
-0.746043059,0.085280914,-0.415146214,0.97872248,0.845513926,-0.330791911,-0.527880005,-0.218163054,0.006587357,0.078693557,-1.120083909,-5.077405224
-1.263715684,-0.449989286,-0.191947061,-0.362509537,-0.42435983,-0.634447642,-0.753141098,-0.510574586,-0.320473332,-0.129515955,-0.188853337,-2.124626884
-0.955485872,-0.636771663,-0.021912942,-0.676970976,-0.253129132,-0.916816668,-0.488211689,-0.467274183,-0.398978561,-0.237793102,-0.783737722,-1.533730197
-0.236031946,-0.329536603,0.197722451,1.264549633,-0.00971209,-2.092153137,-0.094681566,-0.141350381,-0.166368546,-0.163168057,-3.542374076,-2.913188551
-0.005236076,-0.127594247,-26.899033,1.189996736,1.695357186,35.34975355,-0.073040726,0.06780465,0.044361788,-0.171956036,-4.611951295,-3.456598689
0.443745664,0.042395204,-0.178679388,-4.478701601,-4.257187885,-6.613311536,0.261516934,0.18222873,0.111439775,-0.069044572,-2.286727325,-4.063661555
0.142851531,-0.406387173,1.212259014,29.33489219,-0.064496383,0.607671228,-0.015160763,0.158012293,-0.216298838,-0.190088335,-3.681001227,-2.489893914
0.072624595,-0.570410566,-2.744511659,0.059749129,-0.072400271,-1.947639375,0.135971822,-0.063347227,-0.305854223,-0.264556343,-3.794186305,-1.810716843
-0.447479317,-0.191531992,-0.208819243,-18.71269806,-0.867198151,0.735305641,-0.270460804,-0.177018512,-0.178814091,-0.012717901,-2.258715583,-3.437771412
-0.646659496,0.26802538,-0.038761559,-0.453656243,0.456815257,1.670444306,-0.335862513,-0.310796983,0.072793649,0.195231732,-1.563516658,-3.136965377
-0.693140511,0.477537441,0.006289186,-0.547414769,-0.634200248,5.241487895,-0.344390611,-0.348749901,0.390195902,0.087341539,-1.426152712,-1.833323072
-0.217875238,0.559282167,0.2226285,-1.60519669,-0.698358621,-1.202045857,-0.084685,-0.133190237,0.474930845,0.084351322,-3.692438235,-1.458114999
-0.101180553,0.236956469,2.32020128,-0.763973126,-1.552804491,0.893179288,0.066789348,-0.167969901,0.302451769,-0.0654953,-3.421154058,-2.34584018
-0.224053079,-0.166906805,0.241610824,-0.365483625,0.06704747,1.595622281,-0.084959715,-0.139093364,-0.077858063,-0.089048742,-3.628156313,-4.269301248
0.409822235,-0.017965556,-0.541722983,0.093115571,-2.020001503,8.715821044,0.31591618,0.093906056,-0.027128003,0.009162447,-2.219887023,-7.106353832
0.633883518,0.122846923,-0.612837021,-0.399418052,1.464609441,0.896192851,0.511175402,0.122708116,-0.02853792,0.151384843,-1.286059695,-3.740940051
0.60512012,0.000408783,-0.194139271,-0.451269685,345.0262522,-0.811496533,0.36129885,0.243821271,-0.070316025,0.070724808,-1.660806627,-4.610550459
0.610736968,0.574895461,0.101231808,-0.630157437,-0.292543796,-0.472386685,0.27445548,0.336281488,0.371538781,0.20335668,-1.669129268,-1.718165171
0.72890563,0.526837517,0.329293879,1.373451884,-0.379284543,-1.3777754,0.244440734,0.484464896,0.363329422,0.163508095,-1.222620571,-1.840467691
0.331555274,0.023869803,1.043024665,0.462917537,-5.185447253,1.045056408,-0.007132527,0.338687801,0.073822705,-0.049952901,-2.164909679,-4.835201895
-0.321898258,-0.056176372,-0.398295858,0.018612643,-1.01828354,0.175739906,-0.2250545,-0.096843758,-0.056689924,0.000513551,-2.812940135,-5.74023553
-0.542551728,-0.391015167,-0.126583518,1.145821584,0.385127473,2.009329103,-0.305614917,-0.236936811,-0.120212242,-0.270802925,-1.900194506,-2.432862273
-0.490436372,-0.089860711,0.191273361,1.465116456,-2.199586795,0.485860468,-0.198314479,-0.292121893,-0.143758571,0.053897861,-2.082134501,-3.747716659
0.203362014,0.001599558,-1.131204043,-0.061389735,64.13586125,0.327328429,0.216702974,-0.013340959,-0.050494745,0.052094303,-3.054672414,-5.246952299
0.325006526,0.173574268,-0.37272619,-0.270511006,1.144092165,1.398013182,0.223072485,0.101934041,-0.012505346,0.186079615,-2.810882543,-3.358655077
-0.039954342,-0.122419643,-0.156988408,-0.284279367,2.448244861,55.92740885,-0.023113355,-0.016840987,0.08864681,-0.211066453,-7.108836485,-2.948709299
-0.639527588,-0.316392654,-0.078899822,0.574611553,1.082457912,0.139702153,-0.3449931,-0.294534488,0.013044539,-0.329437193,-1.580992333,-2.219172462
-0.359106569,-0.439154295,0.156051844,2.278368036,0.307415967,-1.053164561,-0.151533663,-0.207572906,-0.152075626,-0.287078669,-2.717358959,-2.248654278
-0.116879726,-0.278738121,2.450611803,0.10661943,0.191701552,-0.085917579,0.084773555,-0.201653282,-0.112651795,-0.166086326,-3.039671587,-3.212022004
-0.010605965,0.16597677,34.95645144,1.441709376,0.611567775,-0.251843546,0.180070468,-0.190676433,0.032235363,0.133741407,-2.676800468,-3.967224841
0.486721713,0.277539135,-0.247681991,1.211905991,0.916316129,-0.782214957,0.303636958,0.183084755,0.011612775,0.26592636,-2.073734421,-2.64716652
0.213832635,0.243072949,0.041660868,7.595809994,0.846224901,-0.438489699,0.102462091,0.111370544,0.018689283,0.224383666,-3.776536356,-2.981882256
-0.169389156,0.386611809,-0.002042679,2.053340154,-0.395552073,-0.23207299,-0.084867582,-0.084521574,0.269768456,0.116843353,-4.244256028,-2.448450653
0.011323465,0.465778605,7.298754468,0.040115084,-0.391626794,0.156625789,-0.035661863,0.046985328,0.324094993,0.141683612,-5.660898426,-2.078547457
0.21707237,0.21011328,0.238907087,-2.480642901,0.354756522,0.378671601,0.082606121,0.134466248,0.067787112,0.142326168,-3.692688973,-3.694823858
-0.207225643,0.240913465,-0.627991431,-0.2844909,-0.06668773,-0.800390272,-0.168680786,-0.038544857,0.128489719,0.112423746,-3.508596187,-3.535344739
-0.300306689,-0.268078704,0.050672611,-0.190297884,0.386628407,-0.751873839,-0.142544683,-0.157762007,-0.082215931,-0.185862773,-3.096484816,-3.186785527
-0.10971913,-0.260564967,1.533605485,-1.109453487,-0.268297423,-0.112335957,0.029273365,-0.138992495,-0.165236938,-0.095328029,-3.903269252,-3.313442612
-0.06861054,-0.532096286,0.562907197,-0.455201212,0.191144681,-2.256403773,-0.014994587,-0.053615953,-0.215194455,-0.31690183,-5.776511867,-1.919124153
-0.187298947,-0.361244041,1.614295488,0.072521115,0.740870886,2.014635991,0.057528449,-0.244827396,-0.046804424,-0.314439617,-2.76066053,-2.292011918
-0.244592467,-0.086673425,0.3284509,-0.227233278,2.805003019,1.506441235,-0.082127926,-0.162464541,0.078222897,-0.164896321,-3.407022614,-3.401909083
-0.15243434,-0.149407293,-0.752806057,-0.238376327,0.469250795,-0.209837564,-0.133593917,-0.018840423,-0.039648901,-0.109758392,-4.006207531,-4.296293807
-0.212556194,-0.107926078,0.06711132,0.745502438,0.694350689,0.687651913,-0.099145634,-0.11341056,-0.016493766,-0.091432313,-3.785751132,-4.752289236
0.402123028,-0.255907562,0.181311301,-0.255027499,-0.275631034,-0.514305311,0.164606789,0.237516239,-0.163221814,-0.092685748,-2.482796572,-3.345800283
0.378089879,-0.163744902,0.426171393,-2.076770867,0.535218703,-1.182851713,0.108479394,0.269610485,-0.038052784,-0.125692118,-2.471505734,-4.060144731
-0.012518765,-0.353508255,-21.71414937,-2.998422388,0.335621009,0.23252307,-0.142176545,0.12965778,-0.117431729,-0.236076526,-3.296153549,-2.666107181
-0.07571554,-0.091813367,-3.289015525,2.443329378,3.187568205,2.000212978,-0.162372563,0.086657023,0.100424001,-0.192237368,-3.385098988,-3.056753032
0.10606143,0.091217005,-0.437373981,-0.207636883,0.940040954,-0.835540899,0.07622497,0.02983646,0.002734642,0.088482363,-5.005579047,-4.848949342
0.264813874,0.313483652,-1.959289831,-1.082960047,0.198291571,-0.37162438,0.391830503,-0.127016628,0.125661243,0.187822409,-1.773933106,-2.9745971
0.175412033,0.022648122,-1.894877887,13.75255669,1.206883433,-0.217335923,0.253898208,-0.078486175,-0.002342761,0.024990883,-2.650379875,-7.369738729
0.185958356,0.104932368,-1.887733449,-0.073490764,0.733721641,-0.106404129,0.268499083,-0.082540727,0.013970609,0.090961759,-2.539514116,-4.771316922
0.094012911,0.135705986,-0.513699968,0.219096916,-0.390725909,4.374126443,0.07115367,0.022859241,0.094364915,0.041341071,-5.187601079,-4.545598223
0.015952346,-0.024941452,-11.15400373,-0.160429961,-0.436355089,0.03652786,0.096942438,-0.080990092,-0.017912391,-0.007029061,-4.137843186,-7.901301195
0.041599425,0.258058927,5.945386739,0.113851398,0.63309281,-0.161550004,-0.102862623,0.144462048,0.047341838,0.210717089,-3.45935622,-3.065233675
-0.018574665,0.167777848,-21.95357985,2.981785152,0.044147621,2.259071393,-0.213177526,0.194602861,0.080185428,0.08759242,-2.485127501,-4.261429081
0.210222553,-0.030774846,0.536511032,-1.601722423,3.734127767,-0.571249347,0.048717917,0.161504636,0.04207118,-0.072846026,-3.55935468,-4.950971921
0.51607457,-0.182477848,0.280150747,1.551165636,-0.135418657,-0.845177014,0.185747947,0.330326623,-0.103594376,-0.078883471,-1.940598438,-4.077228076
0.168580178,-0.343867095,0.331870853,2.506793248,0.088231559,0.127269979,0.056316665,0.112263513,-0.156763583,-0.187103513,-4.149350225,-2.820392613
0.038859943,-0.139482276,-6.363427919,-3.349317048,-0.354976465,-13.06407601,0.143071196,-0.104211253,-0.094497601,-0.044984675,-3.463199844,-4.514103769
0.064279631,-0.449249682,-2.384281367,1.476364865,-0.301204097,-1.842425131,0.108770179,-0.044490548,-0.292282763,-0.156966919,-4.282336198,-2.206658491
0.24521627,-0.136540852,-0.028458143,0.787498458,-0.272770171,-7.425995759,0.126097335,0.119118935,-0.086892562,-0.04964829,-3.503567085,-4.603644354
-0.232720304,-0.128512702,-0.563896477,0.49729215,-0.207102823,235.1547356,-0.181975232,-0.050745072,-0.077564023,-0.050948679,-3.332883415,-4.75460502
-0.005755941,0.255664752,-58.91454507,1.742085026,0.404408606,-0.832553064,-0.172432296,0.166676355,0.076135863,0.179528889,-2.855728552,-3.26945118
0.215623701,0.332440267,-1.646889403,-19.06988867,-0.287796491,-0.521082581,0.285366045,-0.069742344,0.214057705,0.118382562,-2.449951473,-2.816162301
-0.285151238,0.165605599,-0.618204576,0.313891661,-2.01541545,-0.404528808,-0.230716519,-0.054434719,0.249684841,-0.084079242,-2.878958625,-2.66769784
-0.332973234,0.241248312,0.011307059,-5.8853721,-0.591204869,-20.95961205,-0.164604143,-0.168369091,0.191937744,0.049310568,-2.892405679,-3.237252913
-0.307417709,-0.10275237,0.3951863,-1.102312085,1.466135504,-1.659175342,-0.092965221,-0.214452488,0.023948264,-0.126700634,-2.90712813,-4.096753267
0.012515406,-0.31127511,3.228127563,-0.491662592,0.088228036,-0.960128866,-0.013942961,0.026458367,-0.141905959,-0.169369151,-7.019300072,-3.019549451
0.109911817,-0.301991684,2.166653088,-1.183418964,0.881480542,-1.196516332,-0.06411448,0.174026297,-0.017895945,-0.284095739,-3.369820271,-2.512927755
-0.317165843,-0.259094658,-0.501850192,0.718640867,-1.386410952,-0.32983161,-0.238167791,-0.078998052,-0.309153165,0.050058507,-2.765182795,-2.321956173
-0.034195489,0.150579188,-4.835611567,-3.793835978,2.695862294,1.831893143,-0.099775795,0.065580306,-0.127680784,0.278259972,-4.250578404,-2.367326361
0.07457335,0.335675627,1.197715565,0.791102704,0.983865024,-8.195505683,-0.007372156,0.081945506,0.002708059,0.332967568,-4.99534065,-2.199354227
-0.110834917,0.238998813,-0.488756772,0.481242711,-0.309961376,-0.794283821,-0.082503117,-0.0283318,0.156539607,0.082459206,-4.878363696,-3.464003987
0.271604272,0.146790378,0.236714026,0.206381646,-1.46443943,-0.516092167,0.103655866,0.167948407,0.180877998,-0.03408762,-3.24544555,-3.384965355
0.385365675,0.219713274,-0.815694073,0.920466931,-0.568103388,-0.274701234,0.349853086,0.035512589,0.172266565,0.047446709,-2.090232955,-3.444304497
0.215710292,0.165498944,-0.410878575,-1.564396528,-0.129805411,0.11591938,0.152170514,0.063539777,0.093490801,0.072008143,-3.604789487,-4.274019045
-0.366536436,0.028233714,-0.334663579,-1.107767978,6.165742159,0.013213001,-0.244601416,-0.12193502,-0.072924043,0.101157757,-2.594301936,-4.163642694
-0.930064767,-0.075269585,0.226989811,-1.20974619,-0.913331132,-2.611456669,-0.35947477,-0.570589996,-0.07200782,-0.003261765,-0.787908392,-5.259911358
-0.28500259,-0.141393564,0.325413213,1.144787996,0.457936078,1.88467607,-0.096129491,-0.188873099,-0.038322175,-0.103071389,-3.103007366,-4.415186369
-0.059082119,-0.275454774,2.039703255,-0.262688956,0.338085996,44.1558304,0.030713936,-0.089796055,-0.091163686,-0.184291088,-4.70978906,-3.163582505
0.114778336,-0.239587433,-1.162460539,0.066846237,0.661980282,-0.258185519,0.124101812,-0.009323475,-0.040492638,-0.199094794,-4.167677687,-3.187416138
0.48419789,-0.203221652,-0.19041592,0.84883034,0.494575914,-2.655827013,0.288198438,0.195999452,-0.051356559,-0.151865093,-2.108054003,-3.661244733
0.634677723,-0.257667841,-0.002582807,1.091879973,0.319721922,2.412852652,0.318158486,0.316519237,-0.087642892,-0.170024949,-1.602416373,-3.30798686
0.413134566,-0.094734043,-0.223529027,-0.165613811,1.179998776,-1.035940897,0.252741067,0.160393499,0.008526006,-0.103260049,-2.412353963,-4.534215054
0.600686952,0.256562781,0.381657514,-0.205480548,0.184626051,1.177761175,0.185715132,0.41497182,0.104597304,0.151965477,-1.576526862,-3.380392249
0.582050951,0.066452231,0.61174307,-6.000748308,0.871827064,1.045045416,0.112992658,0.469058293,0.004258689,0.062193542,-1.457648492,-5.550330374
0.318904785,0.067405164,1.225240028,-2.45937567,0.353220874,-0.719577424,-0.035915061,0.354819846,0.021798127,0.045607037,-2.062096718,-5.969640362
-0.219367879,0.154869965,1.235869052,-0.553560113,1.171942865,-1.719191117,0.025871047,-0.245238926,-0.013314393,0.168184357,-2.799977319,-3.55914146
-0.368623635,0.170997605,0.42530231,-0.628816547,-1.023043681,-0.28783272,-0.105923576,-0.262700059,0.172967812,-0.001970207,-2.522843747,-3.509169776
0.060225608,0.009120108,-0.992167602,0.292299356,7.413841357,-2.807224318,0.059989753,0.000235855,-0.029247462,0.03836757,-5.627147572,-6.062967205
0.241226504,-0.065025994,0.822750464,0.514974333,-2.37287725,-1.418786346,0.021378643,0.219847861,-0.109662348,0.044636354,-3.020227275,-4.267396325
0.199138469,-0.093128391,-1.107549942,187.7168886,0.620089669,1.199604493,0.209847134,-0.010708665,-0.017690219,-0.075438172,-3.120151133,-5.115352417
-0.14720852,-0.012556444,1.185158821,-0.620295938,15.66532945,1.786383522,0.013628478,-0.160836998,0.092072198,-0.104628642,-3.647573405,-3.941223094
-0.238923512,-0.187071338,0.317571455,-3.011863016,0.44548609,3.787387079,-0.081524112,-0.1573994,-0.05186683,-0.135204509,-3.460286715,-3.864642064
-0.360688822,-0.350229261,0.459129079,-0.456215805,0.196846713,-0.45744285,-0.097543048,-0.263145775,-0.140643891,-0.20958537,-2.541345647,-2.753465049
-0.417318827,-0.160826815,-0.486273651,-0.377191459,0.328383509,0.331228735,-0.310124989,-0.107193839,-0.054006971,-0.106819845,-2.228702605,-4.245593211
-0.075763218,-0.139919651,-2.969700765,0.299797716,0.882323699,1.352087219,-0.150378651,0.074615434,-0.008232613,-0.131687038,-3.569100127,-4.050753498
-0.000257156,-0.032704914,-857.3472113,1.027570548,-0.775476796,-1.834970081,-0.110364592,0.110107436,-0.029033408,-0.003671506,-3.717114723,-7.062751133
0.440845006,-0.252616093,-0.057944339,1.702140901,0.526859123,-1.619113699,0.233194739,0.207650267,-0.0597615,-0.192854593,-2.32791911,-3.199947821
0.028862322,-0.092272117,-2.835944464,-0.289968143,0.211939525,-8.44968727,0.055357132,-0.02649481,-0.036358004,-0.055914113,-5.581639097,-5.415234977
-0.543397508,0.156686421,-0.014045288,-2.370902598,0.888503487,-1.60348938,-0.275514841,-0.267882667,0.008734995,0.147951426,-1.912778265,-3.81826291
-0.047350981,-0.039165295,-8.817021931,-4.292669187,-1.935297908,-0.3929616,-0.232422809,0.185071828,-0.057480904,0.018315609,-2.42733296,-5.615904611
0.268259469,0.19875858,0.684560323,-0.216875838,0.834683501,-1.306165192,0.04230984,0.225949629,0.016429036,0.182329544,-2.940423266,-3.395792743
0.611775808,0.242199513,0.105132889,-1.193554424,0.862362593,-16.39842039,0.273729025,0.338046783,0.016667856,0.225531656,-1.664933674,-2.973142449
0.123061328,-0.110355322,1.265880789,0.427078158,-1.427745199,-2.097995009,-0.016359821,0.139421149,-0.133957302,0.02360198,-3.926837163,-3.989897402
-0.245227608,0.05904743,-0.093958713,0.631324578,3.905608571,-1.335575618,-0.134134439,-0.111093169,-0.08578436,0.14483179,-3.495494659,-3.563650303
-0.266381334,-0.102641706,0.152944929,-0.496042922,-0.40787223,1.01077454,-0.11281983,-0.153561504,-0.072253204,-0.030388502,-3.315677255,-5.092281477
-0.032818741,0.043195492,-1.15714733,-0.613965661,1.651997763,0.737777049,-0.035397429,0.002578689,-0.014081682,0.057277174,-6.676939129,-5.661019473
-0.281225744,0.336505797,0.662575027,-0.599923042,0.519329678,-0.595801729,-0.047446295,-0.23377945,0.080874175,0.255631622,-2.866389958,-2.632643721
-0.298789119,-0.038581179,0.326923397,1.404212916,0.867630703,-7.163402825,-0.100553983,-0.198235136,-0.002553482,-0.036027697,-3.007637405,-6.64192377
-0.251143724,0.326686044,1.026693357,0.877518558,0.20075401,0.684800976,0.003351935,-0.254495659,0.130551255,0.196134789,-2.736769543,-2.891147319
-0.257743597,0.314120325,0.146113898,-0.006743527,-0.575661517,-0.490697257,-0.110041838,-0.147701759,0.247473654,0.066646671,-3.383602608,-2.72288487
-0.184954868,0.387487025,-2.342274355,0.426396112,-0.32450405,3.011421611,-0.309084956,0.124130088,0.256614067,0.130872958,-2.198749638,-2.489173615
0.575807708,0.385944461,0.196479223,1.79894824,-1.389553367,12.44189471,0.231336728,0.344470979,0.461117443,-0.075172982,-1.759232624,-1.521975383
0.853304835,-0.235358124,0.08962701,14.62926868,0.817019125,-1.322357072,0.388412837,0.464891998,-0.021533018,-0.213825106,-1.002423127,-3.075103524
0.386075198,0.005129175,-0.588377291,-0.14089953,2.01239182,-9.583194197,0.306616538,0.079458659,-0.002596367,0.007725543,-2.299316638,-9.619435082
0.081324007,-0.283126871,1.367874046,-0.133850451,-0.455664469,-26.96616144,-0.014958496,0.096282503,-0.206068863,-0.077058008,-4.657087153,-3.028207678
-0.051765042,-0.260925534,2.214284363,0.288639451,-0.16969468,0.509287442,0.031428741,-0.083193783,-0.152601604,-0.108323929,-4.839757563,-3.351798164
-0.055819157,-0.440479879,6.004261709,1.308502961,-0.489823737,-2.481089597,0.139666836,-0.195485993,-0.32811869,-0.112361189,-2.852123849,-2.117875459
0.05172006,-0.392286137,-2.767724063,-1.693144716,-0.140945725,-0.114930433,0.097433458,-0.045713398,-0.223788595,-0.168497541,-4.458217341,-2.545003761
0.070091236,-0.262524087,1.021617805,0.084631246,-0.145499752,-1.371150804,-0.000757609,0.070848845,-0.150360639,-0.112163449,-5.294298877,-3.347022857
0.261531475,-0.062406721,0.140529143,-1.364758798,1.561660228,-1.686454014,0.11238934,0.149142134,0.017525686,-0.079932407,-3.355992493,-5.006194264
0.466751372,0.031963001,0.40943381,0.189555569,-7.623149883,-0.091129329,0.13782379,0.328927582,0.137810874,-0.105847873,-2.062083066,-3.50005875
0.268491754,0.244097811,1.442565418,-1.489060825,-1.08151539,-0.318283413,-0.059412583,0.327904337,0.254046676,-0.009948864,-2.197764742,-2.73894208
-0.041816621,0.094693547,1.532914826,-1.184054972,0.55770721,-0.467955827,0.011142349,-0.05295897,0.020941137,0.073752411,-5.833160972,-5.136547337
-0.311988223,-0.453542809,0.184353406,2.814382985,-0.571976078,-0.585533726,-0.127236065,-0.184752157,-0.356479223,-0.097063586,-2.989305452,-1.991439628
-0.79055711,-0.483866921,-0.225290613,-5.952396075,-0.564325558,0.401785359,-0.484331103,-0.306226007,-0.378462696,-0.105404226,-1.113672166,-1.868570993
-0.190364356,-0.066770252,-0.249514191,3.7301688,-2.137662822,0.844907396,-0.118931482,-0.071432874,-0.104751269,0.037981017,-3.950381742,-4.388818773
-0.171302149,-0.039346838,0.705537903,-1.5824526,-1.394163542,1.297984818,-0.025220995,-0.146081154,-0.047101383,0.007754545,-3.817813334,-6.084161929
-0.336960866,-0.363395315,-0.167859486,0.124071533,0.140103419,-4.109594299,-0.196761472,-0.140199394,-0.156241195,-0.207154121,-2.840936995,-2.698236405
-0.180939052,-0.197359616,-0.648067043,0.347268641,1.558876598,-0.552386962,-0.149099844,-0.031839208,0.055149835,-0.252509451,-3.761686789,-2.706014368
0.324719091,0.224907814,0.618370904,0.245728085,-1.084574217,1114.28364,0.061961126,0.262757964,0.234418515,-0.009510701,-2.61892828,-2.899649784
0.158613771,0.645747536,0.574618929,0.677252566,0.242616127,-0.672550187,0.033735648,0.124878123,0.244539385,0.401208151,-4.090394005,-1.510645207
-0.261918065,0.645353809,-0.94518576,0.454947311,0.699210032,-0.289828913,-0.254739645,-0.00717842,0.097057976,0.548295833,-2.734232742,-1.171026312
0.285473238,0.118538848,0.228941969,0.574458019,2.458001126,-1.266875742,0.110058216,0.175415021,-0.086414887,0.204953734,-3.149274188,-3.006316776
0.728670348,0.397772369,-0.058343543,-1.730519147,-0.212704515,-1.782304773,0.385591779,0.343078569,0.241190174,0.156582195,-1.322816684,-2.492648332
0.265701951,0.160290902,-0.5171631,0.558334173,-0.876430489,7.90871531,0.201556598,0.064145353,0.150387368,0.009903534,-3.106894283,-3.784754417
0.013398785,-0.120692702,-2.924837258,0.009597342,2.373938198,-9.43860804,0.026294025,-0.01289524,0.082912157,-0.203604859,-7.061299378,-3.029715945
-0.696281305,-0.396038073,0.036952959,0.682385652,0.978296939,-1.306150702,-0.335275825,-0.36100548,-0.004297619,-0.391740453,-1.415785643,-1.874191188
-0.655355119,0.042981595,-0.025696505,0.922738175,-12.0944704,35.9505653,-0.336097728,-0.319257391,0.28141061,-0.238429016,-1.537643136,-1.994803915
-0.392088252,0.103753206,0.344427284,-4.76777833,-3.994204784,0.073632795,-0.12852118,-0.263567072,0.25908238,-0.155329173,-2.453578982,-2.394143173
0.170263146,0.173667437,-0.794791224,0.002961815,0.592147913,0.245652068,0.1527934,0.017469746,0.035415313,0.138252124,-3.744349245,-3.893795435
0.032869481,0.351655834,-1.58879143,0.438939852,0.719893241,-0.902965941,0.042546115,-0.009676634,0.049250588,0.302405246,-6.26389856,-2.365795925
0.202354468,0.156119747,0.794730899,-0.373962928,1.217367253,16.63914291,0.02076856,0.181585908,-0.01696766,0.173087407,-3.399056425,-3.498353244
0.222013264,-0.18349911,0.429831982,-0.629656449,0.387965033,0.044531962,0.063292431,0.158720833,-0.056153936,-0.127345174,-3.53364703,-3.944026809
0.05198969,-0.160095784,7.091992705,-0.523214582,-0.201603814,0.522919574,-0.158360408,0.210350098,-0.096185852,-0.063909932,-2.668947056,-4.317273322
-0.127823745,-0.262100907,-1.783667742,-0.878404489,0.109420272,-0.020376516,-0.177909417,0.050085673,-0.116710877,-0.14539003,-3.37669009,-3.359296909
-0.177409332,-0.503235033,0.833638946,-1.334522713,-0.210890645,2.143019475,-0.014757002,-0.16265233,-0.304681297,-0.198553736,-3.624082858,-2.023028854
0.144821456,-0.509727134,-1.079275168,0.173185363,-0.28756917,-1.974323583,0.150561828,-0.005740373,-0.328154472,-0.181572663,-3.785310355,-1.961452383
-0.089846948,-0.395886583,-1.71250366,-0.982483862,-0.081993754,-0.850718895,-0.121855088,0.03200814,-0.214173405,-0.181713178,-4.143124172,-2.539701734
-0.077741778,0.091147345,-0.286887595,0.1489893,0.061970081,-0.255218534,-0.050022465,-0.027719313,0.042749468,0.048397877,-5.722779593,-5.479870064
0.078463464,0.376999071,-4.187345467,5.38129285,0.469725288,-1.275610572,0.203508546,-0.125045082,0.099956537,0.277042534,-2.86379213,-2.44479547
-0.323140965,0.250558864,1.445085158,0.484923837,0.552533693,4.686336499,0.071912624,-0.395053589,0.056058325,0.194500539,-1.824869008,-3.194842073
-0.126225524,0.251943672,-0.039868497,-0.420392625,0.207049813,-3.798789773,-0.065628973,-0.060596551,0.099889391,0.152054281,-4.830929138,-3.408270491
-0.04067066,0.159065598,-1.219655758,0.100966316,-1.903813717,-0.981535644,-0.045137432,0.004466772,0.230948432,-0.071882835,-6.186341483,-2.838654678
0.133742408,0.227387475,2.561144198,-0.902194552,-1.811134379,0.207287938,-0.104395592,0.238138,0.319608374,-0.092220899,-2.694026791,-2.201345195
0.28141668,0.323270102,0.448224657,-0.13122454,-0.479569642,0.040316495,0.077639393,0.203777288,0.239150315,0.084119788,-3.045909176,-2.744677698
0.213046166,0.43580758,-0.598202109,-0.017871547,-0.034004074,-0.652368643,0.170245416,0.04280075,0.225313407,0.210494174,-3.479740525,-2.353100498
0.019495746,0.257089565,14.14888391,0.200822313,0.229952208,0.082265296,-0.128173653,0.147669399,0.098985626,0.158103939,-3.26401084,-3.358281305
-0.408547171,0.109887325,-0.492906651,-0.286085591,3.116174794,0.511552396,-0.304961394,-0.103585776,-0.116270394,0.22615772,-2.265949785,-2.738517882
-0.115820177,0.091978942,0.413600107,-1.885390802,1.417640302,0.62909006,-0.03395847,-0.081861707,-0.019207056,0.111185998,-4.846666522,-4.363696683
-0.117103489,-0.141697858,-1.019564447,3.328122558,-1.20983271,3.045885953,-0.118249022,0.001145532,-0.156564281,0.014866423,-4.269831207,-3.699601347
-0.635708651,-0.309783335,-0.036239096,1.201053557,-0.968840347,-2.837099914,-0.329373079,-0.306335572,-0.304956964,-0.004826371,-1.597864603,-2.374918783
-0.34391007,-0.11095191,0.388291794,-1.428956521,-0.560742182,-1.783370626,-0.105186306,-0.238723764,-0.086583663,-0.024368247,-2.687465608,-4.817059539
0.398306954,-0.21831917,0.495641961,-0.496856306,-0.382510007,0.429763488,0.100444657,0.297862297,-0.150914219,-0.067404951,-2.314545563,-3.600190096
0.065859423,-0.321855725,-1.011189199,1.037684158,0.404426863,0.271979346,0.06622788,-0.000368457,-0.095844312,-0.226011413,-5.429276567,-2.808965758
0.006857814,-0.016691482,21.49086187,0.955447226,2.592893597,-0.267068675,-0.070261259,0.077119073,0.013293878,-0.02998536,-4.520461825,-6.83464517
0.236959988,-0.134352438,-0.492611207,0.490422223,0.162416804,0.259145094,0.176844567,0.060115421,-0.056265672,-0.078086766,-3.355616228,-4.681687494
0.428214396,-0.132254421,0.210757724,-1.563657587,-0.110150934,0.693709927,0.168982452,0.259231944,-0.073411185,-0.058843237,-2.345949171,-4.727142528
0.252133438,0.265739913,-1.212690057,0.06949487,-0.389185391,-0.979402813,0.278946575,-0.026813138,0.184581003,0.081158911,-2.544272828,-3.202586339
0.142528325,0.013221297,-5.954553212,-1.280970017,-9.285797141,0.378053068,0.495610409,-0.353082084,0.067995787,-0.054774491,-0.993450876,-4.876497146
0.056984489,-0.036317397,-4.306418604,-1.16348659,-0.131991968,0.191957024,0.151191776,-0.094207287,-0.020555501,-0.015761896,-3.45036769,-7.306792092
-0.074476802,-0.330346039,0.475147187,-0.681799684,-0.233874556,-1.358308867,-0.019544679,-0.054932122,-0.203802786,-0.126543253,-5.684117339,-2.855122507
-0.102305409,-0.39531746,-2.578898483,0.375811849,-1.005015222,43.76023337,-0.183070336,0.080764927,-0.396308763,0.000991302,-3.217933235,-1.851117079
-0.225944619,-0.614533249,-2.322601931,0.93794654,-0.61937878,0.728657522,-0.375362014,0.149417395,-0.497581051,-0.116952197,-1.81264282,-1.342221137
0.151437061,-0.07938752,2.688915442,4.431730377,-0.366896116,0.368860885,-0.127882196,0.279319257,-0.054257246,-0.025130274,-2.360499171,-5.633683979
-0.090724555,-0.002134217,0.175700554,0.779896006,18.47145755,-0.270566596,-0.0373921,-0.053332455,0.018643938,-0.020778155,-5.462597877,-7.15707838
0.034371929,-0.093444237,0.613982092,0.548071225,0.520384168,-0.289853696,0.00663409,0.027737839,-0.022408668,-0.071035569,-7.114288941,-5.194281647
-0.013557346,0.266702672,-3.857447359,0.098171995,0.834547305,0.061096951,-0.032927046,0.019369701,0.022063338,0.244639334,-6.529746538,-2.807839683
-0.281193787,0.305013804,-0.299947907,0.591514226,-0.079625678,-0.083039532,-0.182768638,-0.09842515,0.164650368,0.140363437,-3.144420583,-3.061623434
-0.128527804,0.21408883,0.721984826,2.080134892,1.191628462,-20.25617751,-0.01786634,-0.110661464,-0.020512757,0.234601587,-4.376826923,-2.89211708
-0.152554904,0.239788727,-1.311475075,1.622370099,1.451182511,-0.026716807,-0.17631343,0.023758525,-0.05409424,0.293882967,-3.452988917,-2.415827867
-0.016345114,0.096348285,-6.175519178,-2.052556505,0.979939017,0.434901786,-0.058642341,0.042297226,0.000966421,0.095381865,-5.253730402,-4.699630978
0.224759937,-0.13429763,0.58546476,-0.538108388,1.3913328,0.647418334,0.046585457,0.17817448,0.026277534,-0.160575163,-3.38385808,-3.631558474
-0.339306858,0.1216434,0.522669541,4.374205422,-0.912395435,-6.199424223,-0.080980749,-0.258326109,0.116315141,0.005328259,-2.613327555,-4.300807823
-0.047278065,-0.168237884,-0.651920542,0.559498865,0.588564177,0.0993081,-0.039049803,-0.008228262,-0.034609546,-0.133628338,-6.442392765,-3.96045968
0.007953402,-0.362029912,-22.86415204,-0.027415326,0.240954449,0.421295007,0.094900592,-0.086947191,-0.137398597,-0.224631315,-4.100406713,-2.668767923
0.112938078,-0.468193675,-3.199750848,-0.425063094,0.306477226,-0.591299122,0.237155894,-0.124217816,-0.162351488,-0.305842187,-2.635641393,-2.121118493
-0.058331237,-0.736461729,5.236576064,1.158806299,0.445629287,143.2852926,0.12356236,-0.181893597,-0.204136407,-0.532325322,-3.029228303,-1.123801116
-0.133277809,-0.575111082,0.946726963,1.124191047,0.143989592,2.702995694,-0.003550057,-0.129727752,-0.246150536,-0.328960546,-4.083885897,-1.779010324
-0.121112993,0.131164044,0.038533641,-0.394498857,-0.046070515,23.75421865,-0.058223034,-0.062889959,0.06860342,0.062560625,-4.913726129,-4.753639921
-0.195624956,0.333552834,-1.694715679,0.771452678,0.257557573,-3.213925452,-0.263576818,0.067951862,0.123821888,0.209730946,-2.602472085,-2.824826807
-0.519203493,0.451430123,-0.296006553,2.292589095,0.005488803,0.608395056,-0.336445564,-0.182757928,0.224476156,0.226953967,-1.920074242,-2.283786421
-0.207752926,0.233848679,-0.993104683,2.512551504,0.229208872,-0.285906145,-0.207036665,-0.000716261,0.090124243,0.143724435,-3.149706781,-3.548106107
-0.139541944,0.596137665,0.066714109,-0.041770832,0.236021237,-1.368852119,-0.065116264,-0.07442568,0.227718258,0.368419407,-4.627486384,-1.673504735
0.046937754,0.305591554,-4.878311813,-0.779500474,-0.030701153,-10.23231884,0.137957376,-0.091019622,0.157486783,0.14810477,-3.600253039,-3.063216785
0.009206342,-0.063606122,-5.02364691,0.475241768,-0.376748935,-0.198890716,0.027727878,-0.018521535,-0.04378483,-0.019821292,-6.801700783,-6.070509936
0.079730737,-0.006011771,-1.583631705,0.13039946,4.034409268,0.164834283,0.102997429,-0.023266693,0.009121087,-0.015132858,-4.496332868,-8.071874243
0.505326685,0.343121491,0.272578247,3.829962887,-0.870904104,0.000311209,0.183792812,0.321533873,0.320973703,0.022147788,-1.986579232,-2.268042204
0.214066658,-0.2499963,1.286422401,-0.030864627,0.201287916,-0.583240778,-0.030656743,0.244723401,-0.099837533,-0.150158767,-2.799682399,-3.426047964
-0.086990552,-0.384590453,2.619760628,0.428305203,0.311513338,-2.406408562,0.070451936,-0.157442488,-0.132392699,-0.252197755,-3.514871957,-2.511683563
0.047515858,-0.515624678,-7.951342134,0.091958666,-0.491782728,0.697379037,0.212665352,-0.165149493,-0.384599994,-0.131024684,-2.624156207,-1.80129707
-0.029150352,-0.45744885,-12.28536765,-0.646784354,0.120161314,2.484807223,-0.193636573,0.164486221,-0.201240598,-0.256208253,-2.740302162,-2.242992092
0.195376398,-0.178426793,2.156850491,0.00053364,0.878277097,0.742176201,-0.113010641,0.308387039,-0.010859314,-0.16756748,-2.226791668,-3.568547315
-0.224116368,0.122640722,-0.324825995,0.904054743,-0.408100706,-0.297605245,-0.148457595,-0.075658773,0.086345244,0.036295478,-3.584018393,-4.736092085
-0.112698212,0.114577766,-2.249810349,-1.694299213,1.783022354,0.229978117,-0.183123908,0.070425696,-0.044858476,0.159436242,-3.257249148,-3.596037843
-0.267227631,0.416186601,-0.607168668,1.507166533,0.210848551,4.738032296,-0.214739938,-0.052487693,0.164217129,0.251969471,-3.018628423,-2.402893061
0.012167641,0.205491016,-2.722651884,-0.229000783,0.351869643,-1.16004901,0.022647946,-0.010480305,0.066592483,0.138898533,-7.381339337,-3.741126411
0.537889735,0.188904798,-0.2425393,0.366615051,1.409615327,0.367107737,0.334174568,0.203715168,-0.03868915,0.227593949,-1.876190469,-2.931896704
0.496598446,-0.025834811,-0.144993097,1.841941755,-4.008505255,2.120037789,0.284300896,0.21229755,-0.064696893,0.038862082,-2.072289187,-5.168000002
0.32598675,-0.023487232,-0.045100023,0.056565805,-1.437797152,2.883937225,0.17034438,0.15564237,-0.028628554,0.005141322,-2.932912318,-7.074958954
0.115588888,0.110415446,1.822713079,1.336450335,-1.427417494,-1.807268445,-0.047548245,0.163137133,0.134012192,-0.023596747,-3.544794351,-3.989116052
0.12498865,0.070674684,1.946801092,-0.031943874,-1.791226933,0.002277948,-0.059169695,0.184158345,0.09863454,-0.027959857,-3.285674266,-4.555378036
-0.051583943,0.115381301,2.343267182,-0.046816311,-0.192946187,0.507106489,0.034645509,-0.086229452,0.068821842,0.04655946,-4.75183549,-4.975621132
0.14438351,-0.2304918,-0.903996179,9.6838764,0.220465182,0.845548663,0.137452826,0.006930684,-0.089838192,-0.140653608,-3.96640983,-3.580766555
0.218130462,-0.245310864,-1.556886021,-0.092853508,0.053721103,-1.021950353,0.278867364,-0.060736902,-0.116066247,-0.129244617,-2.507692552,-3.500723462
0.090979855,-0.332614096,-1.226509348,-0.149966146,0.371602462,-0.058493613,0.101283749,-0.010303894,-0.10450694,-0.228107157,-4.569362208,-2.765341839
-0.118892373,-0.241074667,0.856263119,-0.716132736,-0.988822018,0.642828394,-0.008544609,-0.110347763,-0.239727303,-0.001347364,-4.402258795,-2.856474888
-0.161083231,-0.177379993,-0.018053654,3.618581221,-0.725687393,1.520505174,-0.081995686,-0.079087545,-0.153051209,-0.024328784,-4.344489471,-3.729011594
-0.380562388,-0.173549675,-0.049284989,-1.176278345,1.628143276,-1.146286709,-0.199659201,-0.180903187,0.054507031,-0.228056705,-2.622931419,-2.900769843
-0.788083355,0.212966626,-0.20100984,-0.562519858,-1.565915645,-6.489270388,-0.473247932,-0.314835423,0.273227198,-0.060260573,-1.129839991,-2.547406438
-0.620113697,0.259486632,-0.25917171,-0.275538726,-0.950671988,-1.912591515,-0.390414812,-0.229698885,0.253086652,0.00639998,-1.583841791,-2.747407436
0.125332366,-0.052297703,-0.801154768,-0.623647667,2.541081179,-0.701475586,0.112871495,0.012460872,0.040297503,-0.092595206,-4.350896435,-4.585587105
0.25925408,0.022871632,-0.715651677,16.44442563,-3.290434895,-1.504609392,0.222394849,0.036859231,0.049064624,-0.026192992,-2.979503246,-5.778481198
0.217077936,0.197853203,-1.435172536,0.876737716,0.455953374,0.868532517,0.264311115,-0.047233178,0.053820684,0.144032519,-2.629821375,-3.744729114
0.100599701,0.377009892,-0.677821184,0.772635429,-0.154978997,0.126525296,0.084394155,0.016205546,0.217719254,0.159290638,-4.9083053,-2.620380304
-0.11469767,0.121919571,0.091682156,0.558894133,-0.744901853,2.415668807,-0.05209097,-0.0626067,0.106368842,0.015550728,-5.015687829,-4.460537017
-0.312131541,0.012820858,-0.775266216,0.849457298,-5.348215978,-0.257993885,-0.27705829,-0.035073251,0.040694787,-0.027873929,-2.551156344,-6.018621332
-0.243939942,-0.073876491,-0.213354537,-0.311731456,-2.04025318,-0.763621097,-0.147992818,-0.095947124,-0.112301618,0.038425127,-3.470299105,-4.262421696
-0.416484638,-0.321279729,-0.010120072,-0.93389984,-0.871168167,0.85941486,-0.210349746,-0.206134892,-0.300584201,-0.020695528,-2.444856171,-2.399325459
-0.585329503,-0.659154298,0.256766414,0.649201773,0.047780522,-0.175196421,-0.217518273,-0.36781123,-0.313829781,-0.345324517,-1.700461144,-1.524462068
-0.529370219,-0.049934462,0.60477412,2.813534893,4.390180163,0.147348962,-0.104610405,-0.424759814,0.084643411,-0.134577873,-1.653576671,-3.677911379
0.310016562,-0.615340961,-0.242623664,0.806943308,0.344243569,-1.797713613,0.192616958,0.117399604,-0.201756896,-0.413584065,-2.978207543,-1.552312942
0.545488587,-0.22474557,-0.369942063,2.264509954,1.587978084,-0.19355209,0.37364388,0.171844707,0.066072735,-0.290818305,-1.777026421,-2.419783254
0.601194283,0.188485951,0.047699391,-0.800372894,0.523554588,-0.863068549,0.286258841,0.314935442,0.044901633,0.143584318,-1.708548795,-3.788363358
0.6901362,0.523055274,0.47664082,0.43605882,0.318203294,0.209070011,0.180594558,0.509541642,0.178308681,0.344746592,-1.230155671,-1.892834522
-0.04895177,1.073227779,-3.535590072,-0.589753478,0.303151382,17.50000642,-0.11101258,0.062060811,0.373938647,0.699289132,-4.124267591,-0.463885738
0.07939588,1.027070413,3.267244792,-0.933520109,0.406314385,-1.083925079,-0.090004948,0.169400828,0.304878465,0.722191948,-3.30232452,-0.486926678
-0.680976402,0.232224052,-0.396365581,-0.805036181,2.079253032,0.371657766,-0.475446005,-0.205530397,-0.125314256,0.357538308,-1.315680653,-1.941160316
-1.12428235,-0.130404066,-0.274819623,1.494674729,-0.063339667,-1.019280903,-0.716628601,-0.407653749,-0.069331908,-0.061072158,-0.386047656,-4.763378193
-0.91774904,-0.333564725,-0.422996013,-5.507744518,-0.70580294,-7.600281063,-0.652976613,-0.264772428,-0.284497844,-0.049066881,-0.700206247,-2.484747675
-0.013110621,-0.285488652,10.28473085,-0.679502435,0.334858491,-0.180969253,0.060864296,-0.073974917,-0.094945176,-0.190543475,-4.691082071,-3.093975896
-0.118523265,0.435781479,-0.232789464,3.555652483,0.13218338,-0.500109052,-0.073057116,-0.045466149,0.189089205,0.246692274,-4.905665606,-2.337054335
0.189223377,0.525660712,-1.740800128,-46.34118577,-0.003198884,-0.069414431,0.259311727,-0.070088351,0.26367112,0.261989592,-2.628939404,-1.979335563
0.358702291,0.09255101,-0.874905432,1.180272518,2.339284347,-2.091873454,0.336266437,0.022435854,-0.06197606,0.15452707,-2.17526119,-3.585613832
0.42274099,-0.280163726,-0.167209386,3.811466097,0.011957391,-0.592844073,0.246713626,0.176027364,-0.138406849,-0.141756877,-2.387563126,-3.237766434
0.289138565,-0.37655454,0.211382006,-31.06652809,0.176289859,-0.20448408,0.114009938,0.175128628,-0.155085896,-0.221468643,-3.131132792,-2.615926978
0.448540408,-0.247899145,-0.113972401,-0.364360676,0.571856601,-0.30035518,0.249830818,0.19870959,-0.053068191,-0.194830954,-2.283754125,-3.19967795
0.493070506,-0.213402609,-0.151702256,-1.015827184,0.079174637,-0.943342029,0.283935207,0.209135299,-0.098253267,-0.115149341,-2.084600625,-3.776047554
-0.10621393,-0.481271303,1.286562534,0.542790857,0.091344425,1.341181304,0.015218466,-0.121432397,-0.218654926,-0.262616377,-4.201210968,-2.147486249
0.00514657,-0.35739051,26.69173635,0.973181192,0.281617392,-1.816591227,-0.066112163,0.071258733,-0.128371563,-0.229018947,-4.66188604,-2.674679216
0.054310409,-0.028298303,2.82626006,-1.312554926,9.811417243,0.263139143,-0.049592466,0.103902875,0.124674076,-0.152972379,-4.323363839,-3.245626095
-0.374561734,0.146880408,-0.348123765,0.334697597,-1.121588985,3.023985982,-0.252477787,-0.122083946,0.155809927,-0.00892952,-2.542753713,-3.714957765
-0.052885187,0.421106181,0.617912064,-0.110552002,-0.102198929,-1.221825361,-0.010103396,-0.042781791,0.232071391,0.18903479,-6.24901309,-2.412497257
-0.458749184,0.280874969,0.3268547,0.938226241,0.853936742,0.99568342,-0.154402428,-0.304346755,0.020512756,0.260362212,-2.150146815,-2.685175023
-0.408931651,0.149905607,-0.590606189,-2.166309924,2.131269846,1.076680182,-0.325224607,-0.083707043,-0.084791846,0.234697453,-2.182334753,-2.776234531
-0.009303366,-0.003230765,-20.35160933,-1.027911147,-4.443411279,-1.153058291,-0.099320918,0.090017552,-0.008793192,0.005562427,-4.019173767,-9.13096722
-0.047848444,0.252947413,0.46180706,-2.632205638,-0.373932952,-0.825554321,-0.012875847,-0.034972596,0.173766393,0.07918102,-6.579264858,-3.311419022
-0.097216934,-0.035272224,-0.087597479,0.387967266,2.674926405,1.395514905,-0.052866446,-0.044350488,0.02953919,-0.064811414,-5.347123883,-5.283806528
0.204868613,-0.343811233,-2.496643843,0.131027655,0.379686894,-1.5644717,0.358176286,-0.153307674,-0.106635307,-0.237175926,-1.885234267,-2.693799598
-0.151112066,-0.190294114,-0.781711363,-0.441960266,0.223024457,8.478869767,-0.134619042,-0.016493023,-0.073926936,-0.116367178,-3.9957141,-3.962973619
0.175160066,0.213170313,0.528242255,-2.696176186,-0.26043108,2.475358563,0.041316559,0.133843507,0.134343244,0.078827069,-3.931147598,-3.718851601
0.147936826,0.107179709,0.87324846,0.499126638,0.712384722,-2.170705608,0.00937561,0.138561216,0.015413261,0.091766448,-3.948318147,-4.749196505
0.111638954,0.007502059,1.874991521,-1.794163529,-4.5116411,3.232118766,-0.048841569,0.160480523,0.020674327,-0.013172269,-3.570581097,-7.417021356
-0.400104303,-0.089048043,-0.402853113,-0.498182814,-1.843218072,31.12370065,-0.280643783,-0.119460519,-0.126591502,0.03754346,-2.37481446,-4.049280197
-0.671265068,0.085350587,-0.172430237,0.278216422,-0.675265182,0.26357253,-0.393505731,-0.277759337,0.071492433,0.013858154,-1.461030796,-5.239441762
-0.696522357,0.031431909,-0.475615906,0.525255022,-2.1423466,0.274513502,-0.513899734,-0.182622623,0.049384976,-0.017953067,-1.212529445,-5.892094066
-0.463704892,-0.319937425,0.309329058,0.489129154,0.231353076,-0.154319955,-0.160133747,-0.303571145,-0.122959459,-0.196977966,-2.138781806,-2.920265913
-0.094565252,-0.546386339,3.020892026,1.249284934,0.021355776,0.7508883,0.095553082,-0.190118335,-0.267358917,-0.279027421,-3.094992043,-1.901549163
0.387736721,-0.289694481,-0.723815214,-0.01852056,0.383507842,-0.10526375,0.334193229,0.053543492,-0.089297188,-0.200397293,-2.166726238,-3.033785959
0.203943916,-0.062347632,-0.309034329,17.26369629,1.775478699,-0.424403511,0.133484794,0.070459122,0.02417463,-0.086522262,-3.781754768,-4.819538028
0.117518195,0.10609814,1.975830263,0.306357565,-0.803295138,-0.357722713,-0.057338905,0.1748571,0.09566313,0.01043501,-3.385439528,-4.682016255
-0.001948302,-0.059799955,-93.71449286,0.140008321,-0.477834538,-0.601194271,-0.092266209,0.090317907,-0.044187219,-0.015612735,-4.094121933,-6.12099579
-0.072441777,0.233530226,1.0924915,0.33272985,-0.489819877,0.413426959,0.003350124,-0.075791901,0.173958986,0.05957124,-5.157575794,-3.386985017
0.040795539,0.108382687,-0.819105438,0.453131226,1.476080069,-0.223436276,0.037105693,0.003689846,-0.025799419,0.134182106,-6.578129693,-3.980813352
0.139130017,0.342800207,-0.236193206,0.024956366,0.76275377,1.380387098,0.085995791,0.053134226,0.040664028,0.302136178,-4.58355332,-2.375802948
0.662677641,0.644822023,0.135763418,-0.054126271,0.027749192,1.321219304,0.28635513,0.376322511,0.313464366,0.331357657,-1.497816519,-1.569939326
0.502668052,0.378750031,0.100845327,0.794570739,0.84676908,-6.019561109,0.225988164,0.276679888,0.029018108,0.349731923,-2.058679291,-2.094315869
0.474266402,0.171057663,-0.183343404,-1.744253744,1.008906686,1.57145898,0.280610009,0.193656393,-0.000761778,0.171819442,-2.152057175,-3.522602566
0.418279316,0.074256729,-1.241230304,-0.001413002,2.34257485,-0.520928139,0.468730139,-0.050450823,-0.049847608,0.124104337,-1.503937875,-4.023699506
-0.008571499,0.07306787,18.23748626,0.051017227,-0.436176658,-3.241632062,0.073875544,-0.082447043,0.052469185,0.020598685,-4.401812209,-5.751716825
-0.015656116,-0.145335064,6.476417904,0.909494285,-0.956838124,-1.747334127,0.042869718,-0.058525834,-0.142198597,-0.003136467,-5.247037733,-3.900574871
-0.571861629,-0.003540745,-0.583108036,0.243113575,-31.40839758,13.15412311,-0.45265937,-0.119202259,-0.057374941,0.053834196,-1.518182835,-5.084819456
-0.332010781,0.169670395,-0.893221346,-17.50524931,-0.843589777,-0.533012075,-0.314284949,-0.017725832,0.156401302,0.013269092,-2.31173448,-3.703488196
-0.175538342,-0.110932389,-0.795499912,0.32274132,2.656762452,0.522083655,-0.157589539,-0.017948803,0.091894308,-0.202826697,-3.682634108,-3.004102544
0.060426814,-0.156168736,1.705795747,0.491246888,3.257412021,0.283236521,-0.021324494,0.081751308,0.176268591,-0.332437328,-4.94232119,-1.954853672
0.315599651,0.110774024,1.04704387,-0.269520938,-3.653668449,-0.233315676,-0.007423515,0.323023165,0.25775279,-0.146978766,-2.259534473,-2.429972444
0.125465845,0.138304216,-0.753805402,-0.844901703,-0.293629719,0.62207836,0.110021338,0.015444507,0.089457222,0.048846994,-4.394647738,-4.567043979
0.030626656,0.245937144,-6.629463785,-0.77877636,0.103094529,-2.226845971,0.11683248,-0.086205824,0.110291185,0.135645959,-3.85937019,-3.487933358
0.240750245,0.479378863,-0.405881456,0.362589244,0.132430459,-8.753206677,0.169233152,0.071517092,0.20794725,0.271431613,-3.388639928,-2.146289464
-0.014845808,0.263344541,6.647197343,-5.169343555,1.28776775,0.175809433,0.041918605,-0.056764413,-0.037891033,0.301235574,-5.302452299,-2.384027261
-0.514304042,0.073685823,-0.245720212,0.224748911,3.137639448,0.245361518,-0.32033947,-0.193964572,-0.078756861,0.152442685,-1.964402668,-3.525352912
-0.092586402,-0.271535212,-1.608775443,-0.86150095,-0.063616117,0.067332649,-0.120768566,0.028182164,-0.144404614,-0.127130598,-4.174734067,-3.296435243
0.280713396,-0.67981969,0.534012663,0.519547644,-0.072234387,32.77050889,0.065404444,0.215308952,-0.364463024,-0.315356666,-2.98309869,-1.459798295
0.501537996,-0.606352042,0.663346998,-0.748302783,-0.310314475,2.722510275,0.084422136,0.41711586,-0.397255929,-0.209096113,-1.708635582,-1.601799869
0.473424267,-0.229949626,0.18088175,-0.529935689,0.216313503,5.024232006,0.193895229,0.279529039,-0.090104209,-0.139845418,-2.15647946,-3.587207398
-0.225034502,0.107393023,-0.262791932,-0.226633403,-1.376773087,-0.645154375,-0.142085876,-0.082948625,0.127624424,-0.0202314,-3.609370894,-4.092508061
-0.337911397,0.055466112,0.297990088,-13.79714636,0.337312037,-0.305552884,-0.118608575,-0.219302822,0.018378362,0.037087749,-2.778015876,-6.369354162
-0.21673208,-0.177048432,1.552996147,2.51614878,0.067343025,0.292376221,0.059926003,-0.276658083,-0.082562727,-0.094485704,-2.524094723,-4.151286267
-0.142964113,-0.08839559,-1.22318851,-4.579855706,1.584199123,0.249957248,-0.158918087,0.015953974,0.025820313,-0.114215904,-3.668704831,-4.289486744
-0.147900045,0.089415286,-1.859462118,1.36644604,-1.194313949,0.093777411,-0.211457287,0.063557243,0.098102604,-0.008687319,-3.020974033,-4.635671611
-0.012183097,0.565485744,-17.32550301,0.28072962,-0.082556518,-1.808649385,-0.111630689,0.099447592,0.306085139,0.259400605,-3.800873726,-1.82649511
-0.230160332,0.92946409,-0.525795225,-0.176650949,-0.148907963,-0.705204072,-0.175588768,-0.054571564,0.533934347,0.395529743,-3.387014311,-0.817510071
-0.329725661,0.476214593,-0.328601588,0.199231853,-0.160494734,-0.870973938,-0.219037018,-0.110688643,0.276322264,0.199892329,-2.809598144,-2.151488185
-0.331858035,0.03395744,0.099553543,-3.644057237,6.056971481,-6.963936311,-0.149410196,-0.182447839,-0.085860902,0.119818341,-2.889381077,-3.829129164
0.021271682,-0.095320171,-2.820254262,2.015848751,-1.571595144,5.31602699,0.040631617,-0.019359935,-0.122562444,0.027242273,-6.201822476,-4.150045816
0.02445107,-0.337335996,2.788857758,0.44160767,-0.676552447,-1.536584973,-0.021869743,0.046320814,-0.282780745,-0.054555251,-5.943092196,-2.489623054
0.05492678,-0.306675602,6.629554665,2.020853296,0.122656769,-5.081751889,-0.154606656,0.209533437,-0.134529882,-0.17214572,-2.691082777,-3.042144069
0.209862379,-0.448401209,1.211487107,1.118431021,-0.284706969,-1.086697727,-0.022191594,0.232053973,-0.288032079,-0.16036913,-2.912466829,-2.219340716
0.292406181,-0.536488573,0.994422043,-0.990644977,0.087339161,-0.637477409,0.000815514,0.291590667,-0.244816055,-0.291672517,-2.464800751,-1.930968032
0.22560767,-0.214537444,0.093979649,0.663886894,-0.883094585,111.8736688,0.10220257,0.1234051,-0.201997149,-0.012540294,-3.662269302,-3.195156677
0.091023446,-0.001966707,-1.020899168,0.024371076,34.77201895,-0.147455747,0.091974603,-0.000951157,0.033209838,-0.035176545,-4.772378643,-6.05748357
-0.226692294,0.887340889,1.482707122,0.045064098,-0.159869029,0.188287507,0.054712992,-0.281405286,0.514599608,0.372741281,-2.498813545,-0.906962329
0.320274121,0.818320585,-0.90924132,-0.643930933,-0.048388403,0.036138211,0.305740292,0.014533828,0.428958906,0.389361679,-2.367781339,-1.091810692
0.183827893,0.197472908,-0.856093626,-2.59936612,-0.094047086,-0.114405406,0.17060089,0.013227003,0.10802233,0.089450578,-3.530863663,-3.928648968
0.118721954,-0.409489276,0.957235845,0.590446613,0.002724888,-0.243450963,0.002538522,0.116183432,-0.204186732,-0.205302544,-4.304692779,-2.478828882
0.041416117,-0.575189146,2.739720612,0.344886598,-0.038964558,-0.663826172,-0.036026236,0.077442353,-0.298800568,-0.276388578,-4.920537612,-1.797742781
0.024333086,-0.438236122,8.034441061,-2.582964631,0.257097534,-0.139937736,-0.085584829,0.109917915,-0.162783348,-0.275452774,-3.942136341,-2.279135702
-0.14347562,0.110453657,-0.693912964,11.12073196,0.523629462,-0.085385482,-0.121517607,-0.021958014,0.026308434,0.084145223,-4.183262136,-4.857156694
0.432926256,-0.040421511,-0.230830187,0.024818275,-0.109038594,-5.071282784,0.266429352,0.166496904,-0.022414508,-0.018007003,-2.315611382,-7.098114283
0.560555665,-0.052539949,0.153871535,-0.149965853,-1.0250509,3.255713591,0.237151052,0.323404613,-0.053198035,0.000658087,-1.827400128,-5.867314605
0.421844142,0.023028941,-0.305754142,-0.409775931,4.507514148,-0.919566091,0.275412368,0.146431774,-0.040387168,0.063416109,-2.330015524,-5.175617318
-0.222096907,0.055506733,1.935432752,1.165593862,2.145628434,-1.27220056,0.10387836,-0.325975267,-0.031795046,0.087301779,-2.145149055,-4.752218161
-0.695975738,0.259507383,0.529301449,-0.687448306,0.056311829,0.092064923,-0.163797386,-0.532178352,0.122447024,0.137060359,-1.171043048,-3.387921431
-0.491307671,0.127528835,0.282451308,2.501878389,-0.413392076,-0.048112765,-0.176268588,-0.315039083,0.090124122,0.037404713,-2.037760482,-4.654206032
0.022753675,-0.068188983,0.890228001,2.91984842,0.739472114,-1.157522831,0.001248858,0.021504817,-0.008882566,-0.059306417,-7.675589842,-5.627891137
0.128140609,-0.597235077,1.559059709,-0.72296425,-0.303653535,1.342422284,-0.035819126,0.163959735,-0.38929381,-0.207941268,-3.569646646,-1.635837121
0.409095981,-0.648023845,0.044260243,-0.478400857,-0.41453001,0.271161051,0.195494647,0.213601334,-0.458324588,-0.189699257,-2.478801085,-1.402231746
0.214787806,-0.614856065,1.106365965,0.092669391,0.210579698,-0.814782063,-0.011423056,0.226210862,-0.24268993,-0.372166135,-2.970028657,-1.622492585
0.313339302,-0.40388081,0.166432589,-3.916197395,0.155517892,-22.00201499,0.130594715,0.182744586,-0.170535059,-0.233345751,-2.986761363,-2.48252015
-0.10938328,-0.075353154,-0.833277503,0.094085616,2.356549617,-1.069970662,-0.100264953,-0.009118327,0.051110146,-0.126463299,-4.591641643,-3.984313465
-0.583657161,0.279523975,-0.063885094,1.276432928,-0.289738266,-0.219327743,-0.310472077,-0.273185084,0.180256383,0.099267591,-1.765957223,-3.161871433
-0.717562783,0.004085142,0.409968436,-2.831717949,23.70424923,-0.160062403,-0.211692346,-0.505870438,-0.046375047,0.050460189,-1.201580505,-5.36085775
-0.137423154,-0.103314676,0.664582384,-0.937340942,-0.689018863,-0.232329012,-0.023047073,-0.114376081,-0.087250219,-0.016064458,-4.296725991,-4.844612412
0.168102997,0.081650864,0.69165662,0.050682455,-2.027187548,1.775840656,0.025916723,0.142186274,0.123586239,-0.041935375,-3.868551102,-4.072653476
0.312680586,-0.152869703,0.543633949,-0.530379113,0.485359104,-0.209349896,0.071348402,0.241332184,-0.0393365,-0.113533202,-2.759367429,-4.237950649
-0.162921347,0.135686441,-0.642188259,-0.107272924,0.015445283,-0.591170932,-0.133773762,-0.029147586,0.066795363,0.068891078,-3.976828169,-4.687725918
0.080554076,-0.001738957,1.469029849,0.736719207,81.15919982,-1.969287633,-0.018891133,0.099445209,0.069696701,-0.071435658,-4.580845979,-4.609109585
-0.074657746,0.026728061,0.787708327,-0.073844976,-3.609445375,-0.493595908,-0.007924609,-0.066733137,0.061600769,-0.034872708,-5.400104062,-5.296167577
0.012301801,-0.260799692,5.11998514,7.268834969,0.382311365,0.24621835,-0.025341618,0.037643419,-0.080546503,-0.180253189,-6.185425768,-3.244733491
0.093249431,-0.123769964,0.75738073,1.049922142,-0.650062857,0.368692485,0.011312055,0.081937377,-0.10211411,-0.021655854,-4.984719579,-4.51933498
0.158907642,-0.147599946,0.034558722,2.944148743,-0.647866501,1.072090445,0.076707999,0.082199644,-0.121612504,-0.025987443,-4.370817812,-4.169179222
0.308422189,-0.155652418,0.752052973,-1.371110369,-1.389391181,-0.731051387,0.038236182,0.270186007,-0.185957258,0.030304839,-2.597459851,-3.338265258
0.328698785,0.085842718,-0.099252063,-2.659636533,1.778384944,0.553877428,0.180661409,0.148037376,-0.03340934,0.119252058,-2.908571401,-4.177471601
-0.275408243,0.198477878,-1.011419591,0.288759035,-0.56730855,-0.087105292,-0.276980768,0.001572525,0.155538038,0.04293984,-2.567582181,-3.648278497
-0.191057264,0.028866565,1.313010381,0.157088275,-2.047434972,-0.32902901,0.029901454,-0.220958718,0.04398449,-0.015117925,-3.00141133,-6.136172691
-0.040211898,-0.00988949,1.401154441,2.446973335,4.752474105,-0.751861649,0.008065591,-0.048277489,0.018555027,-0.028444517,-6.03405071,-6.765058883
0.19050959,-0.137035129,0.872781232,0.88980575,-0.036135786,1.64772692,0.012118198,0.178391392,-0.0709935,-0.066041628,-3.442946699,-4.666878182
0.109644183,0.165022974,1.139692843,-0.119920858,-0.805858131,-0.310825605,-0.007658254,0.117302437,0.14900404,0.016018934,-4.281746246,-3.796072308
0.045467648,0.468362241,0.504897239,0.208178116,-0.399116415,-0.151766224,0.011255579,0.034212069,0.32764665,0.140715591,-6.647582839,-2.062362584
-0.063586889,0.181054829,-0.730865774,-2.225316248,0.320828677,-0.145685955,-0.055030185,-0.008556704,0.061483624,0.119571205,-5.775857026,-4.0130867
-0.460196726,0.02636449,0.087251356,0.330967232,5.986705763,2.164864293,-0.210021969,-0.250174757,-0.065735977,0.092100467,-2.237765643,-4.358019946
-0.062205793,0.149975534,1.376504813,-56.91042066,-0.576112704,8.317349127,0.01171039,-0.073916183,0.118189172,0.031786362,-5.184857369,-4.201102501
0.486058817,-0.097449298,-0.005152484,-0.655599386,1.035185724,0.555470693,0.244281614,0.241777203,0.001714412,-0.09916371,-2.135971911,-4.621667458
0.204830759,-0.191048084,0.979301372,-0.027249355,0.479815696,0.866768383,0.002119858,0.202710901,-0.049690107,-0.141357976,-3.191839542,-3.796411916
0.241788124,-0.239574149,0.721349766,18.44440764,0.205686145,-0.279947554,0.033687159,0.208100965,-0.095148533,-0.144425616,-3.113596495,-3.509495478
0.205173892,-0.254532822,0.772455214,12.26365521,-0.371892817,-2.919125987,0.023343125,0.181830767,-0.174595875,-0.079936947,-3.393011099,-3.300258483
-0.032504827,-0.030310459,-2.269189085,1.425723764,-9.261076847,0.061621625,-0.053132212,0.020627386,-0.155508977,0.125198517,-5.729555467,-3.222439404
-0.289526267,0.030714208,0.689135755,-0.192083845,0.826184851,-0.706466867,-0.045001682,-0.244524584,0.002669297,0.028044911,-2.783570016,-7.138877887
-0.546483813,0.113023473,0.080874351,-1.07850376,-1.093486717,2.340155346,-0.251143645,-0.295340168,0.11830657,-0.005283097,-1.895128999,-4.266959782
-0.514590649,-0.322932261,-0.265702528,0.085775235,0.742932839,1.220088946,-0.325659342,-0.188931306,-0.04150764,-0.281424622,-1.953697068,-2.514260879
-0.279751085,0.010230853,-0.110116617,-0.30231071,-0.387394281,0.712465555,-0.155278164,-0.124472921,0.007097113,0.003133739,-3.228804541,-9.718015331
-0.574762502,0.111751231,0.312217478,0.159506321,1.059805437,-0.25288532,-0.197655802,-0.3771067,-0.003341666,0.115092896,-1.70772749,-4.323188719
-0.300225287,-0.065983419,0.656424566,1.812737194,-2.893210823,1.33051216,-0.051575017,-0.248650271,-0.128443681,0.062460262,-2.741292565,-3.892266284
0.28904524,-0.103754612,-0.435968293,0.128064281,-3.130197179,2.285197268,0.2075299,0.08151534,-0.214263503,0.110508891,-3.001480565,-2.845227143
0.464750302,0.083120268,0.238904396,-2.09065974,3.846149935,2.982783595,0.176859706,0.287890596,-0.118286373,0.201406641,-2.170151232,-2.908522065
0.246078171,-0.004341123,0.261744498,-1.337935169,-14.29253432,-2.839060364,0.090834282,0.155243889,-0.03319339,0.028852266,-3.431093904,-6.248033347
0.31792237,0.092365096,0.605261458,-0.272573267,0.070189176,2.009996725,0.062748106,0.255174263,0.042941033,0.049424063,-2.672906594,-5.452244988
0.304307195,-0.054150414,-1.190819609,0.762378515,3.259621981,-13.73854152,0.333341085,-0.02903389,0.061179733,-0.115330147,-2.189620354,-4.071956889
-0.208636239,-0.399095621,1.169933046,-87.70904324,0.646187448,-1.316427464,0.017727096,-0.226363334,-0.07060252,-0.328493101,-2.965113664,-2.181319834
-0.785947221,-0.322323215,-0.401841913,0.021792496,-0.008095079,1.781011696,-0.550886878,-0.235060343,-0.162466223,-0.159856992,-1.025186051,-2.95748258
-0.324793912,-0.293382466,0.914300847,-0.222741355,0.091046758,3.353355026,-0.013917282,-0.310876631,-0.133335472,-0.160046994,-2.334716107,-3.13744819
-0.362012112,-0.318474894,-0.246005656,-0.033485276,-0.574334093,-0.311183857,-0.22553457,-0.136477543,-0.250692942,-0.067781952,-2.666544191,-2.696497037
-0.275162366,-0.058357043,0.010381803,-0.780670491,-0.042276706,3.77060895,-0.136152842,-0.139009524,-0.030412093,-0.02794495,-3.27382727,-6.373711893
-0.510281246,-0.209393578,-0.008938188,0.364635883,0.29328424,0.183898326,-0.257421118,-0.252860128,-0.073990871,-0.135402707,-2.038653779,-3.737710856
0.233289253,-0.237352188,0.273401591,2.014892288,-0.489376306,0.788374538,0.0847538,0.148535453,-0.176753363,-0.060598826,-3.532012895,-3.354868275
0.451128264,-0.011953444,-0.789954321,0.27778864,-10.43602713,-0.924471765,0.403749493,0.047378771,-0.068349953,0.05639651,-1.800244964,-4.846951034
-0.108956389,0.127214517,0.004961382,-0.508950469,0.326645214,-0.74371752,-0.054207907,-0.054748482,0.042830252,0.084384265,-5.126737718,-4.715528206
0.232998899,0.176828661,-0.412968295,23.87719316,0.767922337,-0.352458093,0.164610028,0.06838887,0.020518991,0.15630967,-3.449122701,-3.694746956
0.379795934,0.052176503,-0.277264824,0.755918391,-0.989859854,-0.639929334,0.242549993,0.13724594,0.051911964,0.000264539,-2.5553255,-5.916386022
0.348833789,-0.310851791,-0.252337336,-0.079203859,0.310280682,4.765146986,0.218428789,0.130405,-0.107200243,-0.203651548,-2.737737542,-2.938108006
0.649286066,-0.226018027,0.041746561,-0.285752185,-0.200541563,-0.452055892,0.311090303,0.338195763,-0.135672018,-0.090346009,-1.555169683,-3.627998949
0.284405529,-0.392132393,0.997034188,0.579204317,-0.016881675,-2.230129576,0.000421747,0.283983782,-0.199376122,-0.192756271,-2.51767409,-2.565173749
0.4192865,-0.507084372,0.850354043,4.796603238,0.068391578,-0.645076449,0.031372265,0.387914236,-0.236202036,-0.270882336,-1.887422668,-2.046636427
0.372154756,-0.476386644,0.506560794,5.921545373,0.082402443,0.02504611,0.091817874,0.280336882,-0.21856561,-0.257821034,-2.441625465,-2.169430922
-0.086904733,0.077518837,-0.352300294,0.512500194,-0.194200916,-9.627758011,-0.058760648,-0.028144085,0.046286533,0.031232304,-5.462036256,-5.77059559
-0.492879631,0.303119488,0.300163148,0.486471133,0.12102925,1.999015129,-0.172467665,-0.320411966,0.133216582,0.169902906,-2.021860238,-3.065861748
-0.481651114,0.213804651,0.599117515,-0.149375948,-0.102768549,0.825352282,-0.096542748,-0.385108366,0.117888523,0.095916129,-1.847511388,-3.768026238
-0.432416603,0.197220202,0.420150775,0.245258845,-1.127385935,-0.675189495,-0.125368216,-0.307048387,0.209781741,-0.01256154,-2.207312171,-3.119796139
-0.020017469,0.170914373,2.89727544,-0.531406772,-0.923449851,0.310806943,0.018989326,-0.039006796,0.164372612,0.00654176,-6.27535401,-3.609656148
0.244506445,-0.030134294,-0.172701749,0.486478812,6.276204746,0.026334993,0.143366568,0.101139877,0.079497354,-0.109631648,-3.480784647,-3.998729294
0.428750409,-0.078521007,0.215200218,-0.006075326,3.489218009,-0.156945466,0.168241614,0.260508795,0.097727952,-0.17624896,-2.341637061,-3.203631403
0.36308799,0.190768486,0.254666243,0.468464188,0.212726523,0.027605229,0.135310868,0.227777122,0.075093485,0.115675001,-2.656528793,-3.962278032
0.252481295,0.019255437,0.489300373,0.355100354,-2.364179649,0.079600974,0.064471052,0.188010243,0.032389374,-0.013133937,-3.231344029,-6.707616846
-0.18310674,-0.008756503,-1.166959007,-1.548922982,14.14059896,-1.488693988,-0.198392399,0.01528566,0.057532845,-0.066289348,-3.229098006,-4.86597589
-0.253467689,-0.118432299,-1.300372897,-0.158294699,-0.959448343,0.87736844,-0.291535101,0.038067412,-0.116030986,-0.002401313,-2.448283424,-4.307367803
-0.23994303,-0.023229325,0.444084792,-0.563296972,-4.749432216,-2.491114567,-0.06669399,-0.17324904,-0.066777714,0.043548389,-3.367859759,-5.058399264
0.05142908,-0.065064446,-5.880284885,0.173444884,-4.381075886,0.591030518,0.176923359,-0.12549428,-0.175058361,0.109993915,-3.056529764,-3.152524312
-0.020968194,-0.224460865,-3.57671606,0.095348286,-0.758172759,-0.139925649,-0.047982736,0.027014541,-0.197320489,-0.027140376,-5.798490478,-3.227110248
0.134935046,-0.133830508,0.387475709,-1.543443338,-0.002566952,-0.912851559,0.041325497,0.093609549,-0.067087022,-0.066743486,-4.55918926,-4.715502883
-0.12632491,0.011854719,1.29430451,-7.759427227,7.532684499,-0.704277411,0.018588995,-0.144913905,-0.038721569,0.050576288,-3.846910089,-5.507232411
-0.049705491,-0.064692171,-2.192142828,1.069878116,-2.890214814,-0.981001246,-0.079333514,0.029628022,-0.125833221,0.06114105,-4.937622855,-3.933643688
0.098697172,-0.396348613,1.698785686,1.34998529,0.159459922,-0.369003872,-0.034484085,0.133181257,-0.166573447,-0.229775166,-3.967197538,-2.51895985
0.044342062,0.056935942,-2.48663692,0.400794215,-2.291583513,-0.385055674,0.077302336,-0.032960274,0.093704704,-0.036768762,-4.953022625,-4.592005874
-0.12086519,0.51865946,-0.183170787,-1.469609531,0.185009278,-0.441351711,-0.071502081,-0.049363109,0.211351324,0.307308136,-4.886305186,-1.972507022
-0.069253163,0.5220122,-3.081237753,4.570809851,0.310246706,4.076551313,-0.141319312,0.072066149,0.180029817,0.341982383,-3.682313949,-1.901377801
0.132949938,0.157738937,1.63256424,-0.192089578,1.967639019,-3.575161412,-0.042049688,0.174999626,-0.076317175,0.234056113,-3.429811526,-2.803351892
0.32180721,-0.188428783,0.03961618,1.365605739,-0.242101151,-0.019852859,0.154529219,0.167277991,-0.117023804,-0.071404979,-2.959184246,-3.974257957